{"M1": [[536.2980548256669, 0.0, 621.0334471508706], [0.0, 537.0368416325164, 361.91343414391446], [0.0, 0.0, 1.0]], "M2": [[529.2807309079454, 0.0, 638.5825014725946], [0.0, 529.1407044594242, 372.37432461575577], [0.0, 0.0, 1.0]], "dist1": [[-0.1185330683456525, 0.24540497887472906, 0.0005568627789424438, 0.002121182674574404, -0.24081599435041845]], "dist2": [[-0.11809795787876412, 0.18528385342664555, 0.0023015879064645236, 0.0015037417229910018, -0.12299885789056147]], "R": [[0.9999918935458258, -0.0009539482517695974, 0.003911882585989904], [0.0009853608518472763, 0.9999672253692254, -0.008035997222775825], [-0.003904088449980628, 0.00803978669528985, 0.9999600591639993]], "T": [[-0.11972998979166802], [0.0007736824123269891], [-0.005806683988098995]], "E": [[2.7011545110022174e-06, 0.005812713917740266, 0.0007269890144027413], [-0.006274073386743292, 0.0009681428549932677, 0.119702492609806], [-0.000891653385238752, -0.1197253276324753, 0.0009591233106929536]], "F": [[-4.0252072975595884e-09, -8.650075830660944e-06, 0.0025520827700899447], [9.351974853794442e-06, -1.4411039962756207e-06, -0.10097558455496905], [-0.0027765967094238193, 0.10036071910569545, 1.0]]}